subjectId,randCondNum,validationRadio,subjectValidation1,dem_gender,dem_language,val_recognized,val_feedback,Data_Set,HITID,Excluded,Notes
b16e8413452a2bc7b7c89fc490d7c3bc2bf4b4350ab922dc7c996bdc,-86,[appreciative split AF25HAS],0,male,english,,,6.1,3UDTAB6HH6HNQ88DD82NVZKLAXD90Y,0,
e2e3b442fdd5afea5dff6f7d8bd466235432290ddb7c297327b3deb6,-86,[appreciative split AF25HAS],0,female,Telugu,10,no,6.1,3UDTAB6HH6HNQ88DD82NVZKLAXD90Y,0,
4c4448beb25ec9b65fb48be8b7b04db940b4aff1143b1a7f96bfd709,-86,[appreciative split AF25HAS],0,female,english,no,none,6.1,3UDTAB6HH6HNQ88DD82NVZKLAXD90Y,0,
5f10065042aa743e875aecb7d71f772a4af035c904874e960fc4ae6f,-86,[disdainful split AF25HAS],1,male,,No,,6.1,3UDTAB6HH6HNQ88DD82NVZKLAXD90Y,0,
6abd1f81873f96136185431c60282855cc62a49f0564daa72ff12e4b,-86,[disdainful split AF25HAS],1,female,english,no,fun study,6.1,3UDTAB6HH6HNQ88DD82NVZKLAXD90Y,0,
f1b2d92b55aee4ffd9b76ee53f3ed92bdd6c37227daad5633650b571,-86,[disdainful steal AF25HAS],0,male,English,,,6.1,3UDTAB6HH6HNQ88DD82NVZKLAXD90Y,0,
05e17dad597a518d686c0465c759ab57c48fd53fdfefd75e8dd248cf,-86,[disdainful split AF25HAS],1,male,English,No,I don-t watch much TV so I-m wondering if this is from a game show...,6.1,3UDTAB6HH6HNQ88DD82NVZKLAXD90Y,0,
570eace343c120f4441644f3840d590401c1a83ae264231a522dbdb0,-86,[disdainful split AF25HAS],1,male,english,no,no,6.1,3UDTAB6HH6HNQ88DD82NVZKLAXD90Y,0,
f9ee422d96ea8c0923347fa760f5c5b3d87f81ec0660e4c04af7fa13,-86,[envious steal AF25HAS],0,female,English,Deal or no deal?? I forget show name ,N/A,6.1,3UDTAB6HH6HNQ88DD82NVZKLAXD90Y,0,
29f590ed36066c6508878dd9f966c79e27267f9bee3ac61b91363861,-86,[appreciative split AF25HAS],0,female,English,No.,No.,6.1,3UDTAB6HH6HNQ88DD82NVZKLAXD90Y,0,
197a17c596868871454a6b03f0db9c8272070b776182a63bfd3e80ce,-86,[disdainful split AF25HAS],1,female,English,no,fun hit  thanks!,6.1,3UDTAB6HH6HNQ88DD82NVZKLAXD90Y,0,
1b72be9f22fa8f87246980a25379eef1aca6840d462a2017cb23a99e,-86,[disdainful split AF25HAS],1,male,english,no,,6.1,3UDTAB6HH6HNQ88DD82NVZKLAXD90Y,0,
70a2c68fad0c2b7e3dfa787db4e504cad38cd978bd410e761de5e09e,-86,[disdainful split AF25HAS],1,male,English,No.,No.,6.1,3UDTAB6HH6HNQ88DD82NVZKLAXD90Y,0,
b349ab123d9154934adefd3a0e1bfa1d4a3d8edf7f173cb18e67d552,-86,[disdainful split AF25HAS],1,male,english,no,none,6.1,3UDTAB6HH6HNQ88DD82NVZKLAXD90Y,0,
7545e396d2e98d0910d394bc52cd3aaca91f1fca85d320fe98cb31a0,-86,[disdainful split AF25HAS],1,male,English,no,,6.1,3UDTAB6HH6HNQ88DD82NVZKLAXD90Y,0,
df47779e3e68b92fc164e75e72c4c1c5631f21c5746c4abf2fcff155,-86,[disdainful split AF25HAS],1,female,English,No,No,6.1,3UDTAB6HH6HNQ88DD82NVZKLAXD90Y,0,
49f81b9ff29aab80949addd1e8fd4df2b397b7dc83fcbf3899cd8f43,-86,[disdainful split AF25HAS],1,female,English,no,fun hit!,6.1,3UDTAB6HH6HNQ88DD82NVZKLAXD90Y,0,
840939d9057448a19d7965ce66ef3a3e751f5253f65f52e4945ae6f3,-86,[appreciative uncertain AF25HAS],0,male,,NO,,6.1,3UDTAB6HH6HNQ88DD82NVZKLAXD90Y,0,
36414bacba31456d921afe10488aa7cbe04581160f6efc892d3ebbfe,-86,[disdainful split AF25HAS],1,female,English,No,None,6.1,3UDTAB6HH6HNQ88DD82NVZKLAXD90Y,0,
13aa506fbbf02f8c4f969a64c62a9c5684271c47c854b2f4e490526b,-86,[  AF11SAS],0,male,English,No,No,6.1,3UDTAB6HH6HNQ88DD82NVZKLAXD90Y,0,
9da4111e18ec2fea814facd34900b3937c0c3cf4cc40c96218f1adaf,-86,[disdainful split AF25HAS],1,male,English,no,thank you,6.1,3UDTAB6HH6HNQ88DD82NVZKLAXD90Y,0,
c9c057f81420dfb080811c85361af442eb43432196366be0d11aa288,-86,[disdainful split AF25HAS],1,female,English,No,,6.1,3UDTAB6HH6HNQ88DD82NVZKLAXD90Y,0,
0436a3f607326fbbb45832620a8fda3548891237221cc0c884ceecb0,-86,[disdainful split AF25HAS],1,female,English,No,,6.1,3UDTAB6HH6HNQ88DD82NVZKLAXD90Y,0,
ef1f29597a6e5fe8d40b01f9bdc0b0ef864755a3065d6514317fd224,-86,[respectful steal AF25HAS],0,male,English ,No,,6.1,3UDTAB6HH6HNQ88DD82NVZKLAXD90Y,0,
2fdde54a75b187cfd2d67c6acdd138691dd5ed0e40713f9e2f170ba2,-86,[envious split AF25HAS],0,female,English,no,no,6.1,3UDTAB6HH6HNQ88DD82NVZKLAXD90Y,0,
ea6bc055b4781900d33ddfaa42f98c6b89b3367ac2ab1684fc70763e,-86,[disdainful split AF25HAS],1,female,English,No,No,6.1,3UDTAB6HH6HNQ88DD82NVZKLAXD90Y,0,
3c37c9475db88b5bd9b1f560c705290bc76ffbe97042e08ed2fc9897,-86,[disdainful split AF25HAS],1,male,English,no,No,6.1,3UDTAB6HH6HNQ88DD82NVZKLAXD90Y,0,
0f50be3e0a04afee3e5408eaf580f2339cd7c296f97df65c00e3d2c7,-86,[appreciative split AF25HAS],0,male,English,No,the hit was easy and clear to understand,6.1,3UDTAB6HH6HNQ88DD82NVZKLAXD90Y,0,
1af1679981cfe99974940395a6c84de33d501eb94c7a7e1c25dff43c,-86,[disdainful split AF11SAS],0,male,English,no,No,6.1,3UDTAB6HH6HNQ88DD82NVZKLAXD90Y,0,
ae693e14ce78a526bf28d65b1d711cded73007306d1afa2c9aa4d71f,-86,[appreciative split AF25HAS],0,female,English,none,interesting hit,6.1,3UDTAB6HH6HNQ88DD82NVZKLAXD90Y,0,
2f53ea0918b097753d89fd99c0ef12551520374750a71107cf128177,-86,[envious split AF25HAS],0,male,English,no i did not,,6.1,3UDTAB6HH6HNQ88DD82NVZKLAXD90Y,0,
5ff0406912159c744fcf1e0e682c093847855f2b8962dcf6cc738545,-86,[envious steal AF11SAS],0,undefined,English,I did not,Thank you,6.1,3UDTAB6HH6HNQ88DD82NVZKLAXD90Y,0,
e791cc974f1c3410a649e3375b258c103bc7ee49bc909b6bf63899c4,-86,[disdainful steal AF25HAS],0,male,english,no,,6.1,3UDTAB6HH6HNQ88DD82NVZKLAXD90Y,0,
faa7a1c7e10850e90aec7e1de079e21cecd7ff09bb6167715f92396e,-86,[disdainful steal AF25HAS],0,female,english,no,,6.1,3UDTAB6HH6HNQ88DD82NVZKLAXD90Y,0,
b814136a2b632f2a40c9c952057403578e8fc4750fd51fee88b6ee0c,-86,[envious split AF25HAS],0,male,English,no,,6.1,3UDTAB6HH6HNQ88DD82NVZKLAXD90Y,0,
ce1549245962a22017b6c73553dc2a6244d51a2d14e983a7c0f85b69,-86,[disdainful split AF25HAS],1,male,english,no,thank you,6.1,3UDTAB6HH6HNQ88DD82NVZKLAXD90Y,0,
7b51e5cc2d9bcaebd55824cfd8cee0cb191546067fe92c8c055c58a8,-86,[envious split AF25HAS],0,female,english,Game show,no,6.1,3UDTAB6HH6HNQ88DD82NVZKLAXD90Y,0,
49ba86422545764034e534471452d1ed1d30257bef1d8c37857ddfec,-86,[appreciative split AF25HAS],0,female,ENGLISH,,Good Task,6.1,3UDTAB6HH6HNQ88DD82NVZKLAXD90Y,0,
9d31dfc7bf801901328945134de9cc36c91416140b7c22c9280864c6,-86,[disdainful split AF25HAS],1,male,English,no,Interesting,6.1,3UDTAB6HH6HNQ88DD82NVZKLAXD90Y,0,
dd237b4aee36667d74a7514851b3c51373d1a581a030b65e7c1083d7,-86,[disdainful split AF25HAS],1,female,English,no,,6.1,3UDTAB6HH6HNQ88DD82NVZKLAXD90Y,0,
6d7bbedb18fc2ebc88cad8983d5fb338a2b2d6c9f40ca7a21bcb1515,0,[respectful split AF25HAS],0,male,english,no,,6.1,3UDTAB6HH6HNQ88DD82NVZKLAXD90Y,0,
79ad8a6e1243cab2ace7ffddda376aae78780ba9608d43ceeed8c16b,-86,[disdainful split AF25HAS],1,male,English,No,N/A,6.1,3UDTAB6HH6HNQ88DD82NVZKLAXD90Y,0,
568e204efa10421396ec92be07071a2457f5d5f04704c14ecf344e5e,-86,[disdainful split AF25HAS],1,male,English,I did not recognize any of them.,Thank you for having me today!,6.1,3UDTAB6HH6HNQ88DD82NVZKLAXD90Y,0,
942e15c565c08b8e4205ad1637870e08fa97a25cdc323c715a30645a,-86,[disdainful split AF25HAS],1,female,english,no,no,6.1,3UDTAB6HH6HNQ88DD82NVZKLAXD90Y,0,
4be352859aee690e561daaccc62621f3bcec272cf21b719f4741d544,-86,[disdainful split AF25HAS],1,male,,no,,6.1,3UDTAB6HH6HNQ88DD82NVZKLAXD90Y,0,
5752058e2bfeb503aef08c6231845ac7141bd70757e32640d97ecf31,-86,[disdainful split AF25HAS],1,female,English,no,,6.1,3UDTAB6HH6HNQ88DD82NVZKLAXD90Y,0,
a94611eac54bfe04b2847d14180e4bcb79c18313aa0272f0fa4a9575,-86,[disdainful split AF25HAS],1,female,English,no,it was fun,6.1,3UDTAB6HH6HNQ88DD82NVZKLAXD90Y,0,
3215e99fb552b8055d6753c89789e2342ab0ee7cd0f47e45622731bf,-86,[disdainful split AF25HAS],1,male,English,no,n/a,6.1,3UDTAB6HH6HNQ88DD82NVZKLAXD90Y,0,
07f92b1df53806299967640fa20aeca964c96fdcfe0c148b18470144,-86,[disdainful split AF25HAS],1,female,English,no,no,6.1,3UDTAB6HH6HNQ88DD82NVZKLAXD90Y,0,
30546a7edd93b0266484317de2105f4262e5596ce0ba336b5ea6fd04,-86,[disdainful split AF25HAS],1,male,English,No,No,6.1,3UDTAB6HH6HNQ88DD82NVZKLAXD90Y,0,
c35c751d9946afdf3987082110df8ae26455080195cb4951493d0fee,5,[disdainful steal AF25HAS],0,female,english,no,no,6.1,3UDTAB6HH6HNQ88DD82NVZKLAXD90Y,0,
e825e2a7649be13f961a998b440152bbd6528401bec6940cc7844bfb,-86,[respectful uncertain AF25HAS],0,male,english,no,nothing,6.1,3UDTAB6HH6HNQ88DD82NVZKLAXD90Y,0,
c3f3c77dc558c7c4ee248b0f0caa2a0424fadb25311254e544e16c32,-86,[envious split AF25HAS],0,female,english ,no,great game ,6.1,3UDTAB6HH6HNQ88DD82NVZKLAXD90Y,0,
e9353099af6b48aea257f5c8fd25a58dc7c9a9d3e5c662cda4f4cb8e,-86,[disdainful split AF25HAS],1,male,English,No,No,6.1,3UDTAB6HH6HNQ88DD82NVZKLAXD90Y,0,
7b2281440b51e148adcf995dcf2c578ba5b17a3f8b98fa7ea2d7b2c3,-86,[envious split AF25HAS],0,female,english,no,none  thank you,6.1,3UDTAB6HH6HNQ88DD82NVZKLAXD90Y,0,
93d61712703e74dda035ef5e3e32ec30eea4d2f6bb30653c3af84408,-86,[ split AF25HAS],0,male,,no,,6.1,3UDTAB6HH6HNQ88DD82NVZKLAXD90Y,0,
6b088e42c087b9205150ee36d596053e749361b73141d503119ef4d7,-86,[disdainful steal AF25HAS],0,female,English,no,fun,6.1,3UDTAB6HH6HNQ88DD82NVZKLAXD90Y,0,
4b3b7bfe6151c1b7a35464260cc0d7bab7fd4a8e92ac9e223be84197,-86,[disdainful uncertain AF25HAS],0,female,ENGLISH,NO,I HOPE MY OPINION HELPS YOUR RESEARCH,6.1,3UDTAB6HH6HNQ88DD82NVZKLAXD90Y,0,
4b9dc88bdfa78123932305850b02ca512204fa3972c91f0dfc433316,-86,[envious split AF25HAS],0,male,english,no,,6.1,3UDTAB6HH6HNQ88DD82NVZKLAXD90Y,0,
6328d9ba785832a1187cd058a64c259dd785651879b54814d50eae8f,-86,[disdainful split AF25HAS],1,male,English ,no,worked well  although I found it difficult to really get in players- head to determine their strategy ,6.1,3UDTAB6HH6HNQ88DD82NVZKLAXD90Y,0,
7687900d24853ef4d92877f56ecdc80b060c2e108dba309698c571d0,1,[disdainful split AF25HAS],1,female,english,no,,6.1,3UDTAB6HH6HNQ88DD82NVZKLAXD90Y,0,
248df2fd21df28c817e9d98fc50355a48ddd3e18c9010f8e05683f17,-86,[disdainful split AF25HAS],1,male,,no,,6.1,3UDTAB6HH6HNQ88DD82NVZKLAXD90Y,0,
2d2203d306440b71d09292220e5aa50589e4655e2ee079f755e5e250,6,[envious split AF25HAS],0,male,,no,,6.1,3UDTAB6HH6HNQ88DD82NVZKLAXD90Y,0,
be3538aea0013c780fb0877d60d4830683fe767a5679b038299114ec,-86,[disdainful split AF25HAS],1,female,English,No,No,6.1,3UDTAB6HH6HNQ88DD82NVZKLAXD90Y,0,
5283e18d630b5ac836411877de5e2fe79ea837d561a90c14c5e8b5c8,7,[disdainful split AF25HAS],1,female,English,no,no,6.1,3UDTAB6HH6HNQ88DD82NVZKLAXD90Y,0,
ba22f381177b057f4a48945bae8c540e6a17ec4ec53cbd637720f6da,-86,[disdainful split AF25HAS],1,female,english,no,It was fun.,6.1,3UDTAB6HH6HNQ88DD82NVZKLAXD90Y,0,
6499bdf1392f40c2fe6ae919ee1fc2a54449ba51b5cca0eb0e48e2e6,-86,[disdainful split AF25HAS],1,female,English,no,no,6.1,3UDTAB6HH6HNQ88DD82NVZKLAXD90Y,0,
4f9fc18baf1ce8d0c5d14bc7af9b6d875b553498238a4972b3f0c221,-86,[disdainful split AF25HAS],1,female,English.,No.,It-s a lot of fun!,6.1,3UDTAB6HH6HNQ88DD82NVZKLAXD90Y,0,
943c06b089feacaa03322b4a652ba0099a87b87e74dcb3459143ff79,13,[disdainful split AF25HAS],1,female,english,no,,6.1,3UDTAB6HH6HNQ88DD82NVZKLAXD90Y,0,
fb45490669257da5fb6ace8de3ed87cf0666a96f7e6c2b414070357f,-86,[respectful split AF25HAS],0,male,spanish,no,none,6.1,3UDTAB6HH6HNQ88DD82NVZKLAXD90Y,0,
af6b0ea10f31934071927b981ba7d120f3f661b3a729ebd1d9570cc6,-86,[disdainful split AF25HAS],1,female,english,no,no,6.1,3UDTAB6HH6HNQ88DD82NVZKLAXD90Y,0,
cf214140e91ea260ccdda3ba7df6b93ccd7f116827b98fd1881d2fe9,4,[disdainful split AF25HAS],1,male,yes,no,nope,6.1,3UDTAB6HH6HNQ88DD82NVZKLAXD90Y,0,
45bd919ce24f160254cf29ffb0fe300ea4536783d819370b271163df,-86,[disdainful split AF25HAS],1,female,english,no,it was a little confusing,6.1,3UDTAB6HH6HNQ88DD82NVZKLAXD90Y,0,
561cf6417d07cf625c8bd5d9727dbb238eef5468cb64cecce352da2c,11,[disdainful split AF25HAS],1,female,,no,no  but thank you for allowing me to participate! ,6.1,3UDTAB6HH6HNQ88DD82NVZKLAXD90Y,0,
cef8c470d3b189b2b3d6f238d40214bcd2a6cbbb1ee394e9f5d77875,10,[envious split AF25HAS],0,male,English,None,,6.1,3UDTAB6HH6HNQ88DD82NVZKLAXD90Y,0,
5d81afd6fd0260a67ed8bd251e905ebd12f48bdba145b56175cb1d6d,14,[envious split AF25HAS],0,male,English,No,Great study!,6.1,3UDTAB6HH6HNQ88DD82NVZKLAXD90Y,0,
8179655214ef7dbc6fb12d027da51803d6b0c3164f0b6ba53c817f2c,-86,[disdainful split AF25HAS],1,male,English,No  I did not. It seemed interesting.,The \What is your first language?\ box is messed up. I was able to type in it but you can barely see the box. ,6.1,3UDTAB6HH6HNQ88DD82NVZKLAXD90Y,0,
71e392ff486b783001064b3d84b983bb5098e4245eb05ad2b5b4541a,12,[disdainful split AF25HAS],1,female,,no,English is my first language. The option did not populate.,6.1,3UDTAB6HH6HNQ88DD82NVZKLAXD90Y,0,
18d4223ce64b58074bc84092642702ea5a152030633237d09f8b762a,16,[disdainful split AF25HAS],1,female,english,no,this was fun! Thanks! :),6.1,3UDTAB6HH6HNQ88DD82NVZKLAXD90Y,0,
ef56016a16111c3c70107844e7ed21e69e9da0774d5ba58de0a0f404,-86,[ split AF25HAS],0,male,English,NO,Nice Task,6.1,3UDTAB6HH6HNQ88DD82NVZKLAXD90Y,0,
b881480f8c984eec025634f80cbc21b2c72a48b7cef4224983fc090a,29,[ steal AF25HAS],0,male,English,No Where,Nice Task,6.1,3UDTAB6HH6HNQ88DD82NVZKLAXD90Y,0,
b1c720695f78a70d28e6058c0b8bd27b5e7bc86b8b9e5855adf2d8b4,-86,[disdainful split AF25HAS],1,male,English,No,No,6.1,3UDTAB6HH6HNQ88DD82NVZKLAXD90Y,0,
00e06076c3278a0d2ee4d3bc068ab695d75588f3d83b899440974705,-86,[disdainful split AF25HAS],1,male,Hindi,No,good task!,6.1,3UDTAB6HH6HNQ88DD82NVZKLAXD90Y,0,
e00e5a71d2ac77334a9a3dd1206fed9474e5b446ac346a5bd41f27ec,-86,[respectful split AF25HAS],0,male,English,No where,Good task to do about price winning person and guess them.,6.1,3UDTAB6HH6HNQ88DD82NVZKLAXD90Y,0,
3333aa0985ff3b5f8611890ba938ce097fb748608a229179cef53ea0,-86,[disdainful split AF25HAS],1,female,English,No,No,6.1,3UDTAB6HH6HNQ88DD82NVZKLAXD90Y,0,
319e5255ed32a9feaf00b9b57ac01689e279c751b1f761f72aec58d0,-86,[envious split AF25HAS],0,male,English,N/A,great study!,6.1,3UDTAB6HH6HNQ88DD82NVZKLAXD90Y,0,
55633eb5b0f75be9dd66f081029fa35da1e7df88deb326596d099cb2,-86,[envious steal AF25HAS],0,male,english,no,it was nice hit,6.1,3UDTAB6HH6HNQ88DD82NVZKLAXD90Y,0,
1a48610f50be7194fd9197f5774b9ea19289fedac187053e9ac236e1,34,[disdainful split AF25HAS],1,male,,no,,6.1,3UDTAB6HH6HNQ88DD82NVZKLAXD90Y,0,
63544d9bd221e1a31b1b95996069289b0bc3f438d780b078d32cb515,18,[disdainful split AF25HAS],1,female,english,no,thank you,6.1,3UDTAB6HH6HNQ88DD82NVZKLAXD90Y,0,
4414d13786d69b27df1b50ea459456de346488337c4934b0c94d5233,33,[disdainful split AF25HAS],1,male,english,no,no,6.1,3UDTAB6HH6HNQ88DD82NVZKLAXD90Y,0,
57a25e0d7a5f2f90998692e0bb60a20b023fc9451de32f28f867cb08,-86,[disdainful split AF25HAS],1,female,English,no,none,6.1,3UDTAB6HH6HNQ88DD82NVZKLAXD90Y,0,
8d1155943a85893af300e8c59775cd5b75abc3671385b500cfd3973d,-86,[envious split AF25HAS],0,male,English,None,None,6.1,3UDTAB6HH6HNQ88DD82NVZKLAXD90Y,0,
0b7b8438d187d81203412505c677f5d13d33b86bd2585d4186b40aea,-86,[disdainful split AF25HAS],1,male,English,None,Nice,6.1,3UDTAB6HH6HNQ88DD82NVZKLAXD90Y,0,
62723a81456dc0410e5136421a89ac15e7b80263aa5d17fe51ff00ee,-86,[envious split AF25HAS],0,female,English,none,good,6.1,3UDTAB6HH6HNQ88DD82NVZKLAXD90Y,0,
7e4edbe1191d7358a22dfb0bdb9a520f8f2e63a881206c4a97b7f4cc,19,[disdainful split AF25HAS],1,female,english,no,no,6.1,3UDTAB6HH6HNQ88DD82NVZKLAXD90Y,0,
df17fc32952c07014ad88fd104a46277420787a037f54e9a6729a4cf,-86,[respectful split AF25HAS],0,male,English,,,6.1,3UDTAB6HH6HNQ88DD82NVZKLAXD90Y,0,
2c8b04cfc60bc43c2226330f845c88c9e6c089f27be7aad34d712866,36,[disdainful split AF25HAS],1,male,Engish,No.,Thank you.,6.1,3UDTAB6HH6HNQ88DD82NVZKLAXD90Y,0,
82f399970858560f3d66276fc0e1282989f0bbdb0f2af2132ef0f22a,21,[ split ],0,male,Hindi,no,,6.1,3UDTAB6HH6HNQ88DD82NVZKLAXD90Y,0,
31c44f38f493ae9c35b0d8d01479e56cd0d02849fdacd0e127bd1377,-86,[ uncertain AF25HAS],0,male,English,Yes. From the beginning to till end of the task.,Easily understand the survey questions. Good survey for me. Thanks for giving opportunity to complete your HIT.,6.1,3UDTAB6HH6HNQ88DD82NVZKLAXD90Y,0,
46bac179ebd7d24eb9cb21fea73930617d73d212ae0842d4c9dd12e9,2,[disdainful split AF25HAS],1,female,english,no,thank you,6.1,3UDTAB6HH6HNQ88DD82NVZKLAXD90Y,0,
eb3cb8c30b8ce401ea9ac92438b543b39e0972bf8b57aa9df199c0cc,17,[disdainful split AF25HAS],1,female,English,no,no,6.1,3UDTAB6HH6HNQ88DD82NVZKLAXD90Y,0,
d8726b3921522e4c1ef3729ac9999587a981c16903fb5757cf041ef7,-86,[disdainful split AF25HAS],1,female,tamil,no,no,6.1,3UDTAB6HH6HNQ88DD82NVZKLAXD90Y,0,
0f94c683ea42cd7cd5fcd3dd2bcdbed458dc70f5f23e491dc77ef3a0,26,[disdainful split AF25HAS],1,male,english,no,nope,6.1,3UDTAB6HH6HNQ88DD82NVZKLAXD90Y,0,
a2ca8811631d20824139c78bb01125b458c1dbb023a102f2118dffc6,40,[disdainful split AF25HAS],1,male,english,no,none,6.1,3UDTAB6HH6HNQ88DD82NVZKLAXD90Y,0,
305d2725325b1a06fb4638664df321856eb2a78b94e5ab1867dcd47c,-86,[disdainful split AF25HAS],1,female,English,No,No,6.1,3UDTAB6HH6HNQ88DD82NVZKLAXD90Y,0,
041e7702c746375d2e622b799debe7d7bf4dfb1d34d2bc310717c0c4,49,[disdainful split AF25HAS],1,male,English,I did not,It was fun!,6.1,3UDTAB6HH6HNQ88DD82NVZKLAXD90Y,0,
d3a139731c2e83fcc2c457020c88c5ae2e0b861c7238390a7ca86f87,48,[envious split AF25HAS],0,male,English,no,It was interesting,6.1,3UDTAB6HH6HNQ88DD82NVZKLAXD90Y,0,
a2f253cc8a1db77dd37ef9c5930068505551c82d122f5a987211bfc3,37,[disdainful split AF25HAS],1,male,english,no,was fun  thanks,6.1,3UDTAB6HH6HNQ88DD82NVZKLAXD90Y,0,
6451332cfc8184d711d6d7a3c6cb5295ae1b98ded17b82a2fb28ce2c,24,[ uncertain AF11SAS],0,female,ENGLISH,INDIA,NOPE,6.1,3UDTAB6HH6HNQ88DD82NVZKLAXD90Y,0,
4acbb73bb344587555fa61c96fc5ac4b46109f1ea3a05003d47765c3,-86,[envious split AF25HAS],0,female,English,no,no,6.1,3UDTAB6HH6HNQ88DD82NVZKLAXD90Y,0,
10753a2cdf2f0285a493789a8e451a4560ef6777fbc25bf18dbb9f3d,20,[respectful steal AF25HAS],0,male,ENGLISH,INDIA,NICE,6.1,3UDTAB6HH6HNQ88DD82NVZKLAXD90Y,0,
45ef09a2560613c467f17cab842c25dcb59c265e97708305199f975c,39,[envious split AF25HAS],0,female,English,No,None,6.1,3UDTAB6HH6HNQ88DD82NVZKLAXD90Y,0,
54e5de8394cd3a136affb0de951163d827bd89e32d066f60f3f6bdc2,54,[disdainful split AF25HAS],1,male,english,no,It was nice.,6.1,3UDTAB6HH6HNQ88DD82NVZKLAXD90Y,0,
c2dd961c4fbaf8a1ba8de204d1b08ee329bdf8ac3cbf84046d76d713,27,[envious split AF14AFS],0,male,ENGLISH,INDIA,NICE,6.1,3UDTAB6HH6HNQ88DD82NVZKLAXD90Y,0,
c6dc2e4b165501fce20944979cb847ba92646c398d0370789bc2f8a9,43,[disdainful split AF25HAS],1,male,English,None,N/A,6.1,3UDTAB6HH6HNQ88DD82NVZKLAXD90Y,0,
aa81b1101fefb14082af31c2d051eb6053584c60697e1f64a64550a0,46,[ uncertain ],0,male,HINDI,INDIA,GREAT,6.1,3UDTAB6HH6HNQ88DD82NVZKLAXD90Y,0,
61f41a71d4a9adfef4c8ada8c58b8c4352308ab11a6bb6280a4e9510,57,[respectful uncertain AF33ANS],0,male,FRENCH,INDIA,NO,6.1,3UDTAB6HH6HNQ88DD82NVZKLAXD90Y,0,
37328ec78a828cc7dc944975312a48abfb866d5f060caae3a254e4f3,47,[respectful uncertain AF25HAS],0,male,ENGLISH,NO,NO COMMENTS,6.1,3UDTAB6HH6HNQ88DD82NVZKLAXD90Y,0,
ba6e356a7d871c9535f537413d14f9fb6a2aa3202cded1766e9eb585,53,[disdainful split AF25HAS],1,male,english,no,n/a,6.1,3UDTAB6HH6HNQ88DD82NVZKLAXD90Y,0,
b30731d05e42aaffeb31027b006b4bdc925c42fbe92da21e5df4ae5c,55,[respectful split AF25HAS],0,male,TAMIL,LAPTOP,GOOD,6.1,3UDTAB6HH6HNQ88DD82NVZKLAXD90Y,0,
0443e73968a679fa9dda125e81ba627308ecdad0ce7d475f47c81f76,42,[ split AF25HAS],0,male,english,yes,no,6.1,3UDTAB6HH6HNQ88DD82NVZKLAXD90Y,0,
f17d7defd89ad077a142efa77fb127bd40931fd6721bda992c450f54,-86,[envious split AF25HAS],0,female,,,,6.1,3UDTAB6HH6HNQ88DD82NVZKLAXD90Y,0,
04a75d1df17a6eb8d12851f873d057cbbcb1d8cabeb6e18a7b8687ae,45,[appreciative steal AF25HAS],0,female,English,No,No,6.1,3UDTAB6HH6HNQ88DD82NVZKLAXD90Y,0,
7ad3de059c690b6fd09f12879b6da8d0491587bece132df60ecb99bd,50,[ steal AF11SAS],0,male,ENGLISH ,NO,NOTHING ,6.1,3UDTAB6HH6HNQ88DD82NVZKLAXD90Y,0,
3a1a01390a6f8543209b7143d513989cfe14831048f5ef0f354ade22,52,[envious split AF25HAS],0,male,English,,,6.1,3UDTAB6HH6HNQ88DD82NVZKLAXD90Y,0,
7ae4476acae475857421e4e6adca5d6fbcdaa4462de530ace20f5014,-86,[respectful steal AF11SAS],0,male,tamil,no,good work,6.1,3UDTAB6HH6HNQ88DD82NVZKLAXD90Y,0,
0cc5650a0f48d2e0e85636ad82a6ac2f5ef1fce2c0f3ff8370d7b4f2,35,[respectful split AF25HAS],0,male,English,No,,6.1,3UDTAB6HH6HNQ88DD82NVZKLAXD90Y,0,
57807e7ba413da63f552478c54e4729a42468412c7b55e5cceb225ea,22,[ split AF11SAS],0,male,ENGLISH,YES  TELEVISION ,NICE STUDY,6.1,3UDTAB6HH6HNQ88DD82NVZKLAXD90Y,0,
688a573cd3f5f09e4f1485373b77c9630356aa11976f639a33ac066c,61,[appreciative steal AF25HAS],0,female,english,no,this was fun,6.1,3UDTAB6HH6HNQ88DD82NVZKLAXD90Y,0,
e5ab4ead21cb21d940ae087d6383dcec4b2c201420ba8db8bc80fbf2,65,[envious steal AF25HAS],0,female,English,No,Thank you! This was fun!,6.1,3UDTAB6HH6HNQ88DD82NVZKLAXD90Y,0,
c3bb9e360c468e3bc6ba63da1b53eaacb37876342e098242eabf5f12,68,[appreciative steal AF25HAS],0,male,tamil,india,nice,6.1,3UDTAB6HH6HNQ88DD82NVZKLAXD90Y,0,
981b204e2e2a71245c9b5dad91312bc6f0b8eb0e945c513a5f95d4f3,66,[respectful uncertain AF25HAS],0,male,tamil,no,no comments,6.1,3UDTAB6HH6HNQ88DD82NVZKLAXD90Y,0,
d7e94ed0e3980d6598f87d5b3e6a05a9a9cb6cd35a83918474669ec4,69,[ split AF25HAS],0,male,TAMIL,NO,NO COMMENTS,6.1,3UDTAB6HH6HNQ88DD82NVZKLAXD90Y,0,
5b95277e519da57cc855c7763e4485129923dcc7c44595a1fa02708f,62,[disdainful split AF25HAS],1,male,english,no,This was fun!,6.1,3UDTAB6HH6HNQ88DD82NVZKLAXD90Y,0,
8779f13311d70f28a41bbd67354d8d99a509b9704fd1f35614eaa602,63,[envious split AF25HAS],0,female,English,no,no,6.1,3UDTAB6HH6HNQ88DD82NVZKLAXD90Y,0,
3ab177005c8813a066cf7b323bb7f1c6e13a2ff7439af5e3ddb294b2,58,[ steal AF25HAS],0,male,English,No,Interesting survey and would like to take it more in the future,6.1,3UDTAB6HH6HNQ88DD82NVZKLAXD90Y,0,
5ccd1a1523b6fd37449ce0e45edc972822796d968cee158ab6950f0a,70,[disdainful split AF25HAS],1,female,English,No,,6.1,3UDTAB6HH6HNQ88DD82NVZKLAXD90Y,0,
8c7efd2a3f06aea5fcec8174c4a283f8ef3b156974a1b12bf6f5589f,71,[disdainful split AF25HAS],1,male,English,no,no,6.1,3UDTAB6HH6HNQ88DD82NVZKLAXD90Y,0,
7e2fb6d8513dbff9ccc2dc35bb51796e4c073c84e9ef671cfc4398d8,64,[respectful steal AF25HAS],0,female,English ,yes,good,6.1,3UDTAB6HH6HNQ88DD82NVZKLAXD90Y,0,
ab7175b2a4ea3ff88d63dbdb28a365d8a8200d92f8dfd3948306aa4a,73,[disdainful split AF25HAS],1,male,english,no,Best of Luck,6.1,3UDTAB6HH6HNQ88DD82NVZKLAXD90Y,0,
7d45f62394015cf9ee71cc0dd21a8ede42a3510efa9f7bbab1d27d01,63,[respectful split AF25HAS],0,female,TAMIL,NO,NO COMMENTS,6.2,382GHPVPHS9IAU1YF0OFGP7CRHU433,0,
56c52490d4b2b1e7126942870fdb737371d00b73c7322f741cb55d61,45,[appreciative steal AF25HAS],0,male,TAMIL,INDIA,NICE,6.2,382GHPVPHS9IAU1YF0OFGP7CRHU433,0,
f0886c9c479cecaeb054f223b820f6acac59007fa6f591ca8f7c08f5,78,[ split AF25HAS],0,male,english,yes,nice,6.2,382GHPVPHS9IAU1YF0OFGP7CRHU433,0,
0cfde1b9e330b46a2bb6ca7ce9443e20840fc399b737f8fcd6b0c79c,0,[envious split AF25HAS],0,male,English,No,No,6.2,382GHPVPHS9IAU1YF0OFGP7CRHU433,0,
09d8e71ef80c271bcec7f3b53c4b6d9b039f4bee125674a41882b793,61,[respectful steal AF25HAS],0,male,TAMIL,NO ,I LIKE IT ..IAMSO GLADE TO TAKE THIS SURVEY.,6.2,382GHPVPHS9IAU1YF0OFGP7CRHU433,0,
08af4663a0672c78d157d6c5afa1fd48e98a57113ca7a5c8b80f8047,90,[respectful steal AF25HAS],0,male,ENGLISH,INDIA,NICE,6.2,382GHPVPHS9IAU1YF0OFGP7CRHU433,0,
dbe0d0002bbf17ebd65a0012d791e39d83d1c4b33b535cea6ad49acf,46,[disdainful split AF25HAS],1,male,english,no,,6.2,382GHPVPHS9IAU1YF0OFGP7CRHU433,0,
ccb8592f93d017c5ed0486da99c812a59c3eac55eb33313bb8f08505,24,[disdainful split AF25HAS],1,male,English,No,,6.2,382GHPVPHS9IAU1YF0OFGP7CRHU433,0,
ba5db2335cf40bad3e92ab464b066a6f7c229cbbeb8e741e631ab042,31,[envious split AF25HAS],0,female,english,no,,6.2,382GHPVPHS9IAU1YF0OFGP7CRHU433,0,
5a7804f64c1f50b611e0fa4277f6b1521b5814fb3648e43279a580ea,22,[disdainful split AF25HAS],1,female,Korean,no idea,no  thanks.,6.2,382GHPVPHS9IAU1YF0OFGP7CRHU433,0,
8eb1b1afa68c430cd3a3e8c8c4906388a90917fd381c96d69937a46f,15,[envious steal AF25HAS],0,male,,,,6.2,382GHPVPHS9IAU1YF0OFGP7CRHU433,0,
5015533b2cf4849a8b75d24f1583c02df3ebee10ca9e2b1e1b23384c,44,[disdainful split AF25HAS],1,female,english,,,6.2,382GHPVPHS9IAU1YF0OFGP7CRHU433,0,
cb73ca94a892e399a511bd1c0b202dfb096d7bbda722c5d4114560a0,77,[disdainful split AF25HAS],1,male,english,no,no,6.2,382GHPVPHS9IAU1YF0OFGP7CRHU433,0,
0ebbfd9a497d19297f628593be516f8eae2c42a24ccfb3e3cba50c61,21,[disdainful split AF25HAS],1,male,English,no,none,6.2,382GHPVPHS9IAU1YF0OFGP7CRHU433,0,
04bb1fcac4f521284900c4e0b9af9fbfa8a1cce205e942af35eb0aea,6,[disdainful split AF25HAS],1,female,english,no,no,6.2,382GHPVPHS9IAU1YF0OFGP7CRHU433,0,
7ece416c5771777f34b0b6c3213d8acb1a8ce276b7c3a17086f84845,94,[disdainful steal AF25HAS],0,female,English,no,,6.2,382GHPVPHS9IAU1YF0OFGP7CRHU433,0,
0960487435a1521345459ee7bb3cd1f0894c1e401617d95835423e35,35,[disdainful split AF25HAS],1,male,english,no,,6.2,382GHPVPHS9IAU1YF0OFGP7CRHU433,0,
07dab3404e9eb0433cb200d293f368d0e394a05a647334f338497850,89,[disdainful split AF25HAS],1,male,,no,,6.2,382GHPVPHS9IAU1YF0OFGP7CRHU433,0,
702e7ca4b4eadc048b64d9b5ae521e0696554004a322e1469a163a5e,23,[disdainful split AF25HAS],1,undefined,English,Nope.,Nope!,6.2,382GHPVPHS9IAU1YF0OFGP7CRHU433,0,
a2c9c3463c318743911f54cd4a84d668f765f9ff77b7895682e2b4bd,9,[disdainful split AF25HAS],1,female,english,no,,6.2,382GHPVPHS9IAU1YF0OFGP7CRHU433,0,
d738c7bc0001d0e2edbc8600b41ba43b440c7cab188c7dd7f58186f0,51,[disdainful split AF25HAS],1,female,english,no,none,6.2,382GHPVPHS9IAU1YF0OFGP7CRHU433,0,
d2136536741474bcee9f840f58d3ea69e5ad9342bb8f6996299924aa,30,[disdainful split AF25HAS],1,female,,no,,6.2,382GHPVPHS9IAU1YF0OFGP7CRHU433,0,
b19aa63847076ffd1bee627019abb980f3f2c5def57ec7b4296887e4,29,[envious split AF25HAS],0,female,English,no,No,6.2,382GHPVPHS9IAU1YF0OFGP7CRHU433,0,
349e33f33b26fdea7fdda6ebc7655807767c61762dc07328ebc6f84d,39,[disdainful split AF25HAS],1,female,English,No,,6.2,382GHPVPHS9IAU1YF0OFGP7CRHU433,0,
4355132eb637651e8cc0b5dc164b46dee384b5658e58d5805587d3ae,80,[disdainful split AF25HAS],1,female,English,no,None,6.2,382GHPVPHS9IAU1YF0OFGP7CRHU433,0,
c0cccc02bfa55513f3cf87ea92024134a4ef0e08aa8256cf7e6d955e,67,[ steal AF25HAS],0,male,ENGLISH,YES,GOOD,6.2,382GHPVPHS9IAU1YF0OFGP7CRHU433,0,
4c8784e5f9705508a08043474f9a7f0611ed9129994c45571471f4a2,79,[ uncertain AF25HAS],0,male,ENGLISH,YES,NICE,6.2,382GHPVPHS9IAU1YF0OFGP7CRHU433,0,
088c8bd368040c7f1561dd7ebcfcb08c4a64651605d3121ac084f627,50,[disdainful split AF25HAS],1,male,English,No,None,6.2,382GHPVPHS9IAU1YF0OFGP7CRHU433,0,
ddf903003c84c86bb9769c3f4e1a87589ccde64048132856e29f2702,32,[disdainful split AF25HAS],1,male,English,No,Interesting interface  enjoyed it.,6.2,382GHPVPHS9IAU1YF0OFGP7CRHU433,0,
3a899894969283bfd4b39ae3274ccf2fe572b0c9ccf907016099f480,47,[disdainful split AF25HAS],1,male,english,no,no,6.2,382GHPVPHS9IAU1YF0OFGP7CRHU433,0,
c9478cbe2499ff10d0c7b85ec1d5be46d2b56b2ac3b01b62a45fbba5,74,[disdainful split AF25HAS],1,female,ENGLISH,NO,NO,6.2,382GHPVPHS9IAU1YF0OFGP7CRHU433,0,
f08ba793e661cb6893645f8aae3aebf7ac67feea6ccd8231f77df949,27,[disdainful split AF25HAS],1,female,Russian,no,no,6.2,382GHPVPHS9IAU1YF0OFGP7CRHU433,0,
ff2f896a0bd369a2186c862a1e60401ca981af39b4bedc40cd796f6f,100,[envious steal AF25HAS],0,female,ENGLISH,Nothing,Very good task,6.2,382GHPVPHS9IAU1YF0OFGP7CRHU433,0,
c591edba3460388ed26f72915629c331eb7e9ab2ea692aa65215d203,87,[disdainful split AF25HAS],1,male,,no,,6.2,382GHPVPHS9IAU1YF0OFGP7CRHU433,0,
9495997205780b7652c72e574761b16e7c016103fd613790d69313a1,5,[disdainful split AF25HAS],1,female,English,No,I am curious about the outcomes of these!,6.2,382GHPVPHS9IAU1YF0OFGP7CRHU433,0,
10ae8478a86a8535b79a13dd56b34230d7dceb4615416ae632f29d3f,96,[disdainful split AF25HAS],1,male,english,no,,6.2,382GHPVPHS9IAU1YF0OFGP7CRHU433,0,
9ddc67120df0b7274a9c08654179243d0936294a662ed0ac15fedcc2,56,[envious steal AF25HAS],0,male,English ,no,,6.2,382GHPVPHS9IAU1YF0OFGP7CRHU433,0,
6b15404ddd76c6d5760662fafa54793bf3dbb1fe8a4a4e95bc4c3b62,103,[envious steal AF25HAS],0,female,english,no,,6.2,382GHPVPHS9IAU1YF0OFGP7CRHU433,0,
3d4c37213d540f434315e081105da7eea22b498df2ae59e58471aabb,110,[disdainful split AF25HAS],1,female,English,no,nope,6.2,382GHPVPHS9IAU1YF0OFGP7CRHU433,0,
5e25764db39138361b386daad26bb2a079ed7109736a5f14cd73a5ba,66,[disdainful split AF25HAS],1,male,English,No,,6.2,382GHPVPHS9IAU1YF0OFGP7CRHU433,0,
3bc15ed7d10814220b5ac270e8c8894eede93095caa27196fa221d0b,69,[respectful steal AF25HAS],0,female,English,yes,good survey,6.2,382GHPVPHS9IAU1YF0OFGP7CRHU433,0,
edd059305166aaca448a31a729b6895d09db6eaf96e22ae7fded6da3,84,[disdainful split AF25HAS],1,male,English,No,No,6.2,382GHPVPHS9IAU1YF0OFGP7CRHU433,0,
016c285054a67efb2bc9718e01e85cfd97028d11d543ac00d8a39ae5,97,[disdainful split AF25HAS],1,male,English,no,,6.2,382GHPVPHS9IAU1YF0OFGP7CRHU433,0,
a502f7a0baf02db490b1b8370c79fc18f6e09ca54db68ca69a21894b,38,[appreciative split AF25HAS],0,female,English,No,None,6.2,382GHPVPHS9IAU1YF0OFGP7CRHU433,0,
2a6086268c23e11b3839869447b813a354f736d71cc5abf8c0746680,117,[disdainful split AF25HAS],1,female,english,no,,6.2,382GHPVPHS9IAU1YF0OFGP7CRHU433,0,
ece505207a3c8156b68c30646e988abcfbd1e6535caae1fdcac80c11,55,[disdainful split AF25HAS],1,male,English,no,,6.2,382GHPVPHS9IAU1YF0OFGP7CRHU433,0,
a31ae5706dfeb4b44682ff27b0f40ee13fa90b863cb7e5bba306de9c,95,[envious split AF25HAS],0,female,English,no,this was interesting,6.2,382GHPVPHS9IAU1YF0OFGP7CRHU433,0,
76d024177826c34ce8d6b43f3dd2605b4fb4cba228119e66cc70714c,42,[ split AF25HAS],0,male,English,no,interesting task thanks,6.2,382GHPVPHS9IAU1YF0OFGP7CRHU433,0,
f46281cfc7bf95895ef97c3483a6ea298d19e96f2373761b2443a9d8,99,[disdainful split AF25HAS],1,female,English,No,no,6.2,382GHPVPHS9IAU1YF0OFGP7CRHU433,0,
275957094c10e53a9d1928cee8f3b625409fde7e4541e992ca7fa7b6,92,[disdainful split AF25HAS],1,female,english,no,,6.2,382GHPVPHS9IAU1YF0OFGP7CRHU433,0,
ac5151a1a660ef4aa27802f93fa08d3fd28db0036bdb41260e474084,85,[disdainful split AF25HAS],1,female,English,Did not recognize,No,6.2,382GHPVPHS9IAU1YF0OFGP7CRHU433,0,
4b4858e3896bfda99bdff88632585497e2ed7dcc1a3bdcb4929eb0d3,101,[disdainful split AF25HAS],1,female,English,no,no,6.2,382GHPVPHS9IAU1YF0OFGP7CRHU433,0,
3d89452c21a9b8880a365a1df404cbb6b2c00548accb165a72349661,107,[envious steal AF25HAS],0,female,,no,,6.2,382GHPVPHS9IAU1YF0OFGP7CRHU433,0,
8f20d756f1ae7d3b9940079b79581c5b2083f16756d225d86e4e8bad,72,[disdainful split AF25HAS],1,female,English,no,,6.2,382GHPVPHS9IAU1YF0OFGP7CRHU433,0,
30cafc7d17b24ef8ac6b5f5a69f40f6f6e369552e2dcb6d176efd0bf,41,[appreciative split AF25HAS],0,male,English,No,NA,6.2,382GHPVPHS9IAU1YF0OFGP7CRHU433,0,
08d19db605034cb54d551b3d3b0dc5688b93b30a0b6373a7844718aa,106,[envious split AF25HAS],0,female,,,,6.2,382GHPVPHS9IAU1YF0OFGP7CRHU433,0,
00473c117e278d784d8b4cc239c055ef8984c6bbc2d9971fa20c5f7d,119,[disdainful split AF25HAS],1,female,English,No,,6.2,382GHPVPHS9IAU1YF0OFGP7CRHU433,0,
4218ce84ff695359cbce7a7259536a895e1cfadb362042fc84fe9327,48,[appreciative steal AF25HAS],0,male,English,I don-t recognize.,Thank you.,6.2,382GHPVPHS9IAU1YF0OFGP7CRHU433,0,
a2b1c2cbf1d080b2ca79cedeed361c25a3b1dc03862b0de7947f81a8,105,[appreciative split AF25HAS],0,female,english,no,nope,6.2,382GHPVPHS9IAU1YF0OFGP7CRHU433,0,
020fccce182659951165d521b3132369a0e47007592018011d518376,102,[disdainful split AF25HAS],1,male,English,No,None,6.2,382GHPVPHS9IAU1YF0OFGP7CRHU433,0,
b328b6f6742d054584a70ddb0040742c8e7bb01761c9819b60106282,121,[disdainful split AF25HAS],1,male,,,,6.2,382GHPVPHS9IAU1YF0OFGP7CRHU433,0,
d1ca1e3abe1a12f1252374660893b3acd812d1da9ea057ae77a7111e,109,[envious split AF25HAS],0,female,english,no,no,6.2,382GHPVPHS9IAU1YF0OFGP7CRHU433,0,
b9e81027296035bd5e2347c912a1afe1b7f78198397a1d436a473003,116,[disdainful split AF25HAS],1,male,English,no,no,6.2,382GHPVPHS9IAU1YF0OFGP7CRHU433,0,
a82411cc199855d17ef519428d85c87518c0902ebb39d807b752d2a6,57,[appreciative split AF25HAS],0,female,English,no,no,6.2,382GHPVPHS9IAU1YF0OFGP7CRHU433,0,
41340a38b5711d7370d1d0bfc6e56291bfdbe267e5688f8aabf80274,108,[disdainful split AF25HAS],1,female,English,n/a,n/a,6.2,382GHPVPHS9IAU1YF0OFGP7CRHU433,0,
2803ec970224ee97d3d86b94c9e7b5481a93f982f83a0682166b035a,14,[disdainful split AF25HAS],1,female,English,No,No,6.2,382GHPVPHS9IAU1YF0OFGP7CRHU433,0,
2e2a0f11997f89853e2e561d7bfe109053769bc29b74f44562a55995,98,[disdainful split AF25HAS],1,male,English,No,It was very interesting  thank you!,6.2,382GHPVPHS9IAU1YF0OFGP7CRHU433,0,
43ed807cb1e0a7ac7f5aef127330439819ac2a28073f4e799eb8681b,112,[disdainful split AF25HAS],1,female,english,,,6.2,382GHPVPHS9IAU1YF0OFGP7CRHU433,0,
1cc22c6edef759b42c7eaab9d444597a89366c19c591f7e52325538b,88,[disdainful split AF25HAS],1,male,English,none,none,6.2,382GHPVPHS9IAU1YF0OFGP7CRHU433,0,
50dec56938bedf05cd3f7421de14bca47b276d1b1d3e6a4058ba4b86,124,[disdainful split AF25HAS],1,female,english,no,none,6.2,382GHPVPHS9IAU1YF0OFGP7CRHU433,0,
23f3706ba034eb33a1e284b750f0f85357ab1ae74b38621b694cdef9,104,[disdainful split AF25HAS],1,female,English,No,No,6.2,382GHPVPHS9IAU1YF0OFGP7CRHU433,0,
d90885092b48c2294570c567a8b2b9bce0abff996862bc4b2e42091f,3,[  AF25HAS],0,male,tamil,yes,respectful,6.2,382GHPVPHS9IAU1YF0OFGP7CRHU433,0,
658c574bac17f6a5e1b8566c7da79363806a1897fa06f6d899d9e8fd,60,[disdainful split AF25HAS],1,female,English,No,,6.2,382GHPVPHS9IAU1YF0OFGP7CRHU433,0,
9eb52b0aa1f2afbf244f76cee159469e6d58f4716232c289dd5d4507,114,[envious split AF25HAS],0,undefined,,no,,6.2,382GHPVPHS9IAU1YF0OFGP7CRHU433,0,
c8af0abb08ace422ddb265f19a33c2b8f5869b8385b5f3d280f88448,127,[disdainful split AF25HAS],1,female,English,No,No,6.2,382GHPVPHS9IAU1YF0OFGP7CRHU433,0,
80b7022d6230674177e7a4c3ee883acf00bbf337ed363bc76fdb1d84,14,[disdainful split AF25HAS],1,female,English,no,it was fun!,6.2,382GHPVPHS9IAU1YF0OFGP7CRHU433,0,
9f115e359869a1ecd27a2f31721f23a5ed73bb027c0f8648a6c10c97,83,[respectful steal AF25HAS],0,male,tamil,nothing,good,6.2,382GHPVPHS9IAU1YF0OFGP7CRHU433,0,
4e63ec321937b5fb11f6d1cd3f09ab05b99fb48dca90f93cb8dc119d,111,[respectful split AF25HAS],0,female,TAMIL,GOOD,GOO,6.2,382GHPVPHS9IAU1YF0OFGP7CRHU433,0,
3f74401a7f00b00327b089761b356211eda9f346cb93b39e2ee97b33,8,[disdainful uncertain AF25HAS],0,male,english,,,6.2,382GHPVPHS9IAU1YF0OFGP7CRHU433,0,
146aaf834bc18530e8ce2b731b961971ae39208564c8b2f2e17e422e,113,[disdainful  AF25HAS],0,male,Tamil,nothing,good,6.2,382GHPVPHS9IAU1YF0OFGP7CRHU433,0,
ba36987fc07e886ecdcfb6a6cf6a3f32b3cad736259fb39f348f94e9,25,[disdainful split ],0,female,,no,I clicked the female on the end for joyful  but I am not sure it posted. The box   also  for my first language would not let me post (English). Thank you.,6.2,382GHPVPHS9IAU1YF0OFGP7CRHU433,0,validation OK; manually changed subjectValidation1
d3f56928e55653b668a1d0ae4d5508e7d8c05e7a114e37a99f091187,125,[disdainful split AF25HAS],1,male,English,No,No,6.2,382GHPVPHS9IAU1YF0OFGP7CRHU433,0,
63633c4f8fcefadb1aa85327942224d5238321500cb76e96dc418812,20,[ split AF25HAS],0,male,Hindi,No,No comments,6.2,382GHPVPHS9IAU1YF0OFGP7CRHU433,0,
7b29a4cacaed0360aeb2ae954a53bc7115f86ec0dc0cf3f8490d5223,130,[disdainful split AF25HAS],1,male,english,no,,6.2,382GHPVPHS9IAU1YF0OFGP7CRHU433,0,
4a36909b1be34dfebd5153ca2a0d720e28b29951cb637ffa96ae9b55,65,[respectful  AF25HAS],0,female,tamil,34,intersting,6.2,382GHPVPHS9IAU1YF0OFGP7CRHU433,0,
e239a5730a31e4b6d27f8f11d8f3fd54170bdd6e7564f71059794684,122,[disdainful split AF25HAS],1,female,English,,,6.2,382GHPVPHS9IAU1YF0OFGP7CRHU433,0,
ad9e329d1f35445a1f4ba936488e6a0f6ed57687a5e695248750dffb,64,[disdainful split AF25HAS],1,female,english,no,no,6.2,382GHPVPHS9IAU1YF0OFGP7CRHU433,0,
9a4d198136e552ecf9a20b9b4564c18aa25209072d22f056a2100c27,58,[disdainful split AF25HAS],1,female,english,no,no,6.2,382GHPVPHS9IAU1YF0OFGP7CRHU433,0,
bd7727534bda57faf977ea233247a4280013b43d66a1a6515045f8d3,118,[disdainful split AF25HAS],1,female,English,No,none,6.2,382GHPVPHS9IAU1YF0OFGP7CRHU433,0,
f241f4dcdaf0187163744acfe607ecf1372f6bf0c8c5238be4e3baf3,52,[disdainful uncertain AF25HAS],0,male,english,no,,6.2,382GHPVPHS9IAU1YF0OFGP7CRHU433,0,
60ef627c66df431f950f7757c78219da6d92390770a866aef682c19a,68,[disdainful steal AF25HAS],0,female,English,no,Thank you,6.2,382GHPVPHS9IAU1YF0OFGP7CRHU433,0,
f47c7c7908b0b24e47061050fa78892cef06080c9cf5be3a74acd101,128,[envious split AF25HAS],0,male,english,none,,6.2,382GHPVPHS9IAU1YF0OFGP7CRHU433,0,
e9a595ecc2744dbf447dbb6047470434c9bac0d30a5dcd65de241033,76,[respectful steal AF25HAS],0,male,English,Yes,Good survey,6.2,382GHPVPHS9IAU1YF0OFGP7CRHU433,0,
60d1c599bb16f78d539d8184357ebb0507eb2ad56a530b2e0f6da585,59,[disdainful split AF25HAS],1,female,English,no,,6.2,382GHPVPHS9IAU1YF0OFGP7CRHU433,0,
02a5323d04fce546d1a1792fceddf10d8479963dc77042cef7ff5c22,129,[appreciative split AF25HAS],0,male,ENGLISH,NO,NO,6.2,382GHPVPHS9IAU1YF0OFGP7CRHU433,0,
5aaad20f0297bc04ebd84b7fe1131627554b349921f905d6c74d0f51,82,[disdainful split AF25HAS],1,male,english,no,none,6.2,382GHPVPHS9IAU1YF0OFGP7CRHU433,0,
9d71b240bc72a94759b3814680667c8fd907c6012066891608e812a9,75,[disdainful steal AF25HAS],0,female,,no,This hit was fun!,6.2,382GHPVPHS9IAU1YF0OFGP7CRHU433,0,
42912d813143a5c6f0eddcea94b67ec17426723928fd4e5d77cef5f1,120,[envious uncertain AF11SAS],0,male,english,nothing,good study,6.2,382GHPVPHS9IAU1YF0OFGP7CRHU433,0,
dfdb1453f391c3eaefa71d7307896274546513e8b64424129004512c,123,[respectful split AF25HAS],0,male,ENGLISH,SO EASY,THANK YOU,6.2,382GHPVPHS9IAU1YF0OFGP7CRHU433,0,
d4079b019f28fe03c0781f671cf08d1d1560c424b88bb9d2370cf613,93,[disdainful steal AF25HAS],0,female,ENGLISH,,NO,6.2,382GHPVPHS9IAU1YF0OFGP7CRHU433,0,
9c7dddb56539d856da28b95a974903c7568f69c5029091ff33ac8c57,131,[disdainful uncertain AF25HAS],0,male,english,no,fun study !,6.2,382GHPVPHS9IAU1YF0OFGP7CRHU433,0,
ff42e62be0f8d43f6c227614a743b9042484c33ec0747d8e3fc20ea4,76,[disdainful split AF25HAS],1,female,English,no,no,6.2,382GHPVPHS9IAU1YF0OFGP7CRHU433,0,
4ef991e840410b077e2ee81365f1543deafd9b0282a027923bc6b9c5,28,[disdainful split AF25HAS],1,female,english,no,none,6.2,382GHPVPHS9IAU1YF0OFGP7CRHU433,0,
79249e52f598dd468c0b6af4982652704c2eb9b2d6630904d83d4126,81,[disdainful split AF25HAS],1,female,English,no,,6.2,382GHPVPHS9IAU1YF0OFGP7CRHU433,0,
5ce89448764f84798bbae859419ed795c722e6993b1ecdde6e955801,91,[disdainful  AF25HAS],0,male,english,no,no,6.2,382GHPVPHS9IAU1YF0OFGP7CRHU433,0,
9ef5c3aa89c024012c40a947c044e7ce2d7ab5255d01b780596f985f,126,[disdainful split AF25HAS],1,male,English,A show on gameshow network  I forgot the name of it though  but it-s the same concept.,Nope.,6.2,382GHPVPHS9IAU1YF0OFGP7CRHU433,0,
46febd604e5725a987f5c470efae9952f14ecbb704511010e359db56,10,[disdainful split AF25HAS],1,male,english,NO,No,6.2,382GHPVPHS9IAU1YF0OFGP7CRHU433,0,
253f947c3ddbc539a69dffa28c1f4c4e118958c15ead0579b379e09c,48,[disdainful split AF25HAS],1,male,english,no,no,6.3,3S1WOPCJFGBBNA0G7RSF5I0S04NJEF,0,
cee881fc48e51662d6b91e3b4a96fa83dc0e860e48bae356d3e05fe8,79,[disdainful split AF25HAS],1,male,ENGLISH,NO,NONE,6.3,3S1WOPCJFGBBNA0G7RSF5I0S04NJEF,0,
eb2de10174eec626601f5b93cd5940cd1e90f9e33e3b34ad046bb49b,65,[disdainful split AF25HAS],1,male,English,No,Best Wishes,6.3,3S1WOPCJFGBBNA0G7RSF5I0S04NJEF,0,
18c7dbccaf971858093fc7d13122b566074d45827d5ea4383c01cfc6,25,[envious split AF25HAS],0,female,English,,,6.3,3S1WOPCJFGBBNA0G7RSF5I0S04NJEF,0,
3778540063190e28e14e1d169fbd721fd4a0912e1642da509c2ab834,45,[disdainful split AF25HAS],1,male,English,no,no,6.3,3S1WOPCJFGBBNA0G7RSF5I0S04NJEF,0,
5f986f5ce517539f6652c353a955a0b57af3b2b6de3eb8fe1d84a080,15,[disdainful split AF25HAS],1,female,english,no,none,6.3,3S1WOPCJFGBBNA0G7RSF5I0S04NJEF,0,
9d0569829bebd99915be5e69a1f87de7505782a6a6e05845f3617fc8,38,[disdainful split AF25HAS],1,female,english,no,,6.3,3S1WOPCJFGBBNA0G7RSF5I0S04NJEF,0,
c02de2f9149b5fd82ff415a8f31f5d51d45843c738a122afb6f9c2ee,78,[disdainful split AF25HAS],1,female,english,no,,6.3,3S1WOPCJFGBBNA0G7RSF5I0S04NJEF,0,
5e3fdd77c364ab8ff267056247757a7b85ef0ecfe9fdc24c26bf8554,8,[disdainful split AF25HAS],1,male,English,No.,,6.3,3S1WOPCJFGBBNA0G7RSF5I0S04NJEF,0,
b97eaf7089ca6871282034149b44b2e6e932e678a26b487f3274e7c3,63,[disdainful split AF25HAS],1,male,English,No,N/A,6.3,3S1WOPCJFGBBNA0G7RSF5I0S04NJEF,0,
9a63bb1e4724b164f8b0a8fc38ccca8485fa9980c71fcb583a16ca31,90,[ steal AF25HAS],0,male,,no,,6.3,3S1WOPCJFGBBNA0G7RSF5I0S04NJEF,0,
3710469ab02de74afc132374055371d0e9f21eb9dbc1acd180589e9b,67,[disdainful split AF25HAS],1,male,English,No,no,6.3,3S1WOPCJFGBBNA0G7RSF5I0S04NJEF,0,
855c1977c01f29d6c18d43b8956101d0ec9a233be818d3e7bdbec909,42,[disdainful split AF25HAS],1,male,English,No.,Thank you.,6.3,3S1WOPCJFGBBNA0G7RSF5I0S04NJEF,0,
84df0c9b3bcb0f8bb72028570d16c445aec9fecd00380d455a13ca0f,31,[disdainful split AF25HAS],1,male,,No,No,6.3,3S1WOPCJFGBBNA0G7RSF5I0S04NJEF,0,
82827ef0bcf349ca9a8c5bbe7527884fc47c4cd27af6105afdfe9eda,61,[disdainful split AF25HAS],1,female,English,no,can I split with one of them?!,6.3,3S1WOPCJFGBBNA0G7RSF5I0S04NJEF,0,
4e1bbb30587f15969dd369c9cf040b6b878d1035a4a01ef896ea7f9e,57,[disdainful split AF25HAS],1,female,English,No,,6.3,3S1WOPCJFGBBNA0G7RSF5I0S04NJEF,0,
a604b0eaa796be051d61450085c94cd32a8dc2e24a45ee6f39e4ca3c,68,[disdainful split AF25HAS],1,female,english,,,6.3,3S1WOPCJFGBBNA0G7RSF5I0S04NJEF,0,
d11b7189e8e6da76a277c55e67eaccd1bbae8421d3f2b7cb1ac13e77,91,[disdainful split AF25HAS],1,male,english ,no,,6.3,3S1WOPCJFGBBNA0G7RSF5I0S04NJEF,0,
9e80a6d78a13c477d8b022a595afaae7e95211af532aa2575696bb38,56,[disdainful split AF25HAS],1,female,english,no,,6.3,3S1WOPCJFGBBNA0G7RSF5I0S04NJEF,0,
d1b1b11647bab5253e2ed91f78ebc44528a45e80c02ff0913df844a1,52,[disdainful split AF25HAS],1,male,English,I do not.,,6.3,3S1WOPCJFGBBNA0G7RSF5I0S04NJEF,0,
4f42b2d95aba3bf41899475f19fea818e3fd07256d1b12d33d73a60c,109,[envious split AF25HAS],0,male,english,none,none,6.3,3S1WOPCJFGBBNA0G7RSF5I0S04NJEF,0,
4c1e34ef2df91b84e9c19f64f2d23340863ea85df96ef0f9ce42c8f2,94,[disdainful split AF25HAS],1,female,English,no,no,6.3,3S1WOPCJFGBBNA0G7RSF5I0S04NJEF,0,
f8fb07d0d805dff9671d552d315bc99a658f16125c1d259e4a92bfe9,41,[ split AF25HAS],0,female,English,no,no,6.3,3S1WOPCJFGBBNA0G7RSF5I0S04NJEF,0,
998cf0b80e0f49f926e17e6cb5d7fa32d39d74441141e8e7e0f5c630,0,[disdainful steal AF25HAS],0,male,english,no,,6.3,3S1WOPCJFGBBNA0G7RSF5I0S04NJEF,0,
caf1177764bc647a1ec52c2ac2579b5838a7572ec5b5f4630fc66912,95,[disdainful split AF25HAS],1,male,English,No,Thank you,6.3,3S1WOPCJFGBBNA0G7RSF5I0S04NJEF,0,
c5b9c55cb4589cb0ddd15c1890097df09a644953c13f330439247fa0,111,[envious steal AF25HAS],0,female,english,no,no,6.3,3S1WOPCJFGBBNA0G7RSF5I0S04NJEF,0,
bb80ed96107639df64a6408ee7b3fda8992632a097fb20ad16b2a23e,114,[respectful split AF25HAS],0,male,English,No,,6.3,3S1WOPCJFGBBNA0G7RSF5I0S04NJEF,0,
816bd820938cd4f09e12c99cbce22896735557e77ee1bf83f0f7d7ea,123,[disdainful split AF25HAS],1,male,English,No,No,6.3,3S1WOPCJFGBBNA0G7RSF5I0S04NJEF,0,
1ed0564eb52989b972c1d298a4bb5c5db7d7af3ee4f6369f80af7792,20,[disdainful split AF25HAS],1,male,Polish,no,No. Thank you,6.3,3S1WOPCJFGBBNA0G7RSF5I0S04NJEF,0,
1db37863031c9d69d44f105117ae16e0f3002944872cb1cc61023afc,128,[disdainful split AF25HAS],1,male,English,,,6.3,3S1WOPCJFGBBNA0G7RSF5I0S04NJEF,0,
d1a7eed094ed028bd068dc9c91961ccec247502bb0146f9bc53627e4,106,[envious split AF25HAS],0,male,English,No,Interesting survey.  Thanks for posting :),6.3,3S1WOPCJFGBBNA0G7RSF5I0S04NJEF,0,
9f0330a56a7a4739349372ecd20c4437feda39ebf680accacf927621,113,[disdainful split AF25HAS],1,female,english,no,please change my ratings for 7 to match those for 9 fir the 3 scales.  leave all else the same.,6.3,3S1WOPCJFGBBNA0G7RSF5I0S04NJEF,1,reported not using scales correctly
1dee21d68fa04d5ca0f467b6ee9e5c4d43d4dde6b944177b417e356e,4,[disdainful split AF25HAS],1,female,English,No,No,6.3,3S1WOPCJFGBBNA0G7RSF5I0S04NJEF,0,
d923e309496b154fb4727516dce7fb1e4424a890871fef9d067d8d7f,100,[respectful split AF25HAS],0,male,english,no,good experiment,6.3,3S1WOPCJFGBBNA0G7RSF5I0S04NJEF,0,
5baa0f08bc1633132c39ecfc05bf4f7eb190da2954a665a690c093cd,115,[disdainful split AF25HAS],1,male,English,No,The instructions are a little confusing,6.3,3S1WOPCJFGBBNA0G7RSF5I0S04NJEF,0,
742756bc7336fb63522ef7e363e8fd330753ac2a00f8516875482cd5,131,[disdainful split AF25HAS],1,female,English,no,,6.3,3S1WOPCJFGBBNA0G7RSF5I0S04NJEF,0,
0e918a833ef63a080a6f9663ad6b651db4879531e8f5ab63f4eef0c4,69,[respectful uncertain AF25HAS],0,male,English,no,Happy!.,6.3,3S1WOPCJFGBBNA0G7RSF5I0S04NJEF,0,
57da6970f2d86ff5e44cd371dd3092f8d8f718b4a377d6847fcff3f3,1,[disdainful split AF25HAS],1,male,English,No,None,6.3,3S1WOPCJFGBBNA0G7RSF5I0S04NJEF,0,
d8aa88adff7689a1cb68b40319e5d3e9196c96e7e15c40c3f5ee58b0,6,[disdainful split AF25HAS],1,male,english,no,no,6.3,3S1WOPCJFGBBNA0G7RSF5I0S04NJEF,0,
95bcee61b52f4100639d60b52f0cc9f99a42a229ccf0583c2511a94b,7,[disdainful split AF25HAS],1,male,English,no,no,6.3,3S1WOPCJFGBBNA0G7RSF5I0S04NJEF,0,
339af9d673042c9525b2afda6385e1ac0b0b47b9f6167eeaaf901826,11,[disdainful split AF25HAS],1,male,English,Nope.,Interesting.,6.3,3S1WOPCJFGBBNA0G7RSF5I0S04NJEF,0,
e590eeb4480ce203cb501836a3c2a81ad978c763afe2fa1d8320e95b,12,[disdainful split AF25HAS],1,female,English,No,,6.3,3S1WOPCJFGBBNA0G7RSF5I0S04NJEF,0,
70a1c4742210ee151293684a8ac874372f821dfcae968ad6ec5f62cf,13,[respectful split AF25HAS],0,female,english,no,great study ,6.3,3S1WOPCJFGBBNA0G7RSF5I0S04NJEF,0,
343c58a8ae8a576c2b186a37413d716afce579460f109dfc8936d57e,16,[disdainful split AF25HAS],1,male,Spanish,No,None,6.3,3S1WOPCJFGBBNA0G7RSF5I0S04NJEF,0,
2491aabf5ec4cc50f2a2c0b3469324e9a7c74e3772b5873e8f649568,17,[disdainful split AF25HAS],1,female,,no,,6.3,3S1WOPCJFGBBNA0G7RSF5I0S04NJEF,0,
5e4443b0cd9a7f872d12b052bfed73e5785337a6ed4b960ceee512d9,18,[envious split AF25HAS],0,male,English,n/a,None,6.3,3S1WOPCJFGBBNA0G7RSF5I0S04NJEF,0,
5c8c6a73bcd7ca11cbc23d2c19c177fca9bb2ea6794a922c48036b61,19,[disdainful split AF25HAS],1,female,English,no,no,6.3,3S1WOPCJFGBBNA0G7RSF5I0S04NJEF,0,
622a762e508c795e7868010821841486ad31d0d0a14de1a0deef6fe7,0,[disdainful split AF25HAS],1,male,English,No,None,6.4,3FW4EL5A3L6JMYQS7MRM405M1QJ22H,0,
1ab9f2cb87618d218697bf603b5ce475e36397becb9666a42ce9490f,3,[disdainful split AF25HAS],1,male,,No.,,6.4,3FW4EL5A3L6JMYQS7MRM405M1QJ22H,0,
206f6ba8fdea290a80903de515bd5a267ef1b1b936ec89565d6dbd94,29,[disdainful split AF25HAS],1,female,english,no,none,6.4,3FW4EL5A3L6JMYQS7MRM405M1QJ22H,0,
c5abe7c49b8e4f9a79e1c0058022cd561d4ef46b8cc8bd2c0b219655,93,[disdainful split AF25HAS],1,female,english,no,no,6.4,3FW4EL5A3L6JMYQS7MRM405M1QJ22H,0,
277e355dd0020e0d889d508321ca6556d356dbd21d5eab632fe29644,41,[disdainful split AF25HAS],1,female,English,,,6.4,3FW4EL5A3L6JMYQS7MRM405M1QJ22H,0,
8dcb41a2dedd94e6b76a317a36321f5cfc87f613191bde4b48932f7b,90,[disdainful split AF25HAS],1,female,English,none,,6.4,3FW4EL5A3L6JMYQS7MRM405M1QJ22H,0,
89d23330557c44f600c297d8b1e250c1453f46c8d417d82cf865c3d5,25,[disdainful split AF25HAS],1,male,English,no,nope,6.4,3FW4EL5A3L6JMYQS7MRM405M1QJ22H,0,
9f9cc7533d55547a41014563ac4264e1d7be5abfb48317013920b329,106,[disdainful split AF25HAS],1,female,english,no,,6.4,3FW4EL5A3L6JMYQS7MRM405M1QJ22H,0,
06c4c25bde041df9720070f02a39f2586328ac67b4885661d5dc0585,114,[ split AF25HAS],0,male,English,None,None,6.4,3FW4EL5A3L6JMYQS7MRM405M1QJ22H,0,
f509b688f9a58dd0481470a3af52b39d8444c0787d5caea716aa4eb6,105,[disdainful split AF25HAS],1,female,English,no,,6.4,3FW4EL5A3L6JMYQS7MRM405M1QJ22H,0,
d4bebdb11eb8c70ec9d4969358fa9be6a368b12f9762775e835bb8c7,111,[disdainful split AF25HAS],1,female,English,no,,6.4,3FW4EL5A3L6JMYQS7MRM405M1QJ22H,0,
a7300ebb82520d9b6908392223dfb42a17323e60ba3f54975dc31ae4,107,[disdainful split AF25HAS],1,male,English,No  I did not.,No comments.,6.4,3FW4EL5A3L6JMYQS7MRM405M1QJ22H,0,
cc6012952f88218b29926770f9d1ed327ff54e03af9c9d8bf5c1283c,83,[disdainful split AF25HAS],1,male,english,no,none,6.4,3FW4EL5A3L6JMYQS7MRM405M1QJ22H,0,
491a50c3df0cf52bc0e9a9da71c1e0b0f1504af0b44c08ffa8af164c,120,[disdainful split AF25HAS],1,male,,,,6.4,3FW4EL5A3L6JMYQS7MRM405M1QJ22H,0,
5d030712fdba45959190c90e15312a7012d584c69dd78d1a740829d1,129,[disdainful split AF25HAS],1,male,English,I did not recognize anything.,N/A,6.4,3FW4EL5A3L6JMYQS7MRM405M1QJ22H,0,
6fc77bf1b4e8190f2b3a50e2fe68918e9d8996cf95091c94bc59f139,2,[disdainful split AF25HAS],1,male,English,no,,6.4,3FW4EL5A3L6JMYQS7MRM405M1QJ22H,0,
e40cf4b456bbbd5b1d00b5be01b94c4aae8afa22eb3698865727da5e,1,[disdainful split AF25HAS],1,female,English,No,Interesting stuff!,6.4,3FW4EL5A3L6JMYQS7MRM405M1QJ22H,0,
3113c9614bfa741912050d296bf9a216edf4527e85b70b892a9931aa,103,[disdainful split AF25HAS],1,male,tamil,no,nice hit,6.4,3FW4EL5A3L6JMYQS7MRM405M1QJ22H,0,
03e742bf4f3a8dba3e7315017ae00dccdcc295b9bf6d8fb9e858133d,4,[disdainful split AF25HAS],1,female,ENGLISH,NO,THANK YOU,6.4,3FW4EL5A3L6JMYQS7MRM405M1QJ22H,0,
e0df3d22dfdd000fa6b9cd2dfa239d2cec9ddd08a49c8771d238e0ff,5,[disdainful split AF25HAS],1,female,,no,,6.4,3FW4EL5A3L6JMYQS7MRM405M1QJ22H,0,
0856bf7dacd7e9f793310c4919a16aa2d034c251c0bab20c89f357fb,75,[disdainful split AF25HAS],1,female,English,NO,Very unique and interesting,6.5,30P8I9JKOI3KIM7HDFDV4C59IY8V5O,0,
07ec07d79cccdd484b666aa22c933bdc0efd94f968cf5e64ce3cd66e,69,[disdainful split AF25HAS],1,female,english,,,6.5,30P8I9JKOI3KIM7HDFDV4C59IY8V5O,0,
6302ffddf4c151e4fc3bffe7e418a0769bfbb7d29ea0a5aec485bd5b,86,[disdainful split AF25HAS],1,female,English,No,Thank you for allowing me to participate,6.5,30P8I9JKOI3KIM7HDFDV4C59IY8V5O,0,
8602e88b0d493cbc2f146bae18da9fef2e166473cf74e52c4a19fe89,114,[envious split AF25HAS],0,male,English,No,No,6.5,30P8I9JKOI3KIM7HDFDV4C59IY8V5O,0,
7d6886cdd499dba4bc789a3799bc1c1c0266fa57294d5914a10f0ba0,109,[disdainful split AF25HAS],1,female,English,no,No,6.5,30P8I9JKOI3KIM7HDFDV4C59IY8V5O,0,
eb02e3d19f289bd3aa7454eb5e3c775ba0f958093e261bcc355c6fb9,0,[envious split AF25HAS],0,male,english,no,thx,6.5,30P8I9JKOI3KIM7HDFDV4C59IY8V5O,0,
63921c1f610634bda122f765e3f65ded2f0bfa383f9e28911e74b968,100,[disdainful split AF25HAS],1,female,English,no,none,6.6,3IJ95K7NDXU5QENSSKAVYS2LM4ZGNP,0,
f96c1ab3cb46a5a688f8da6cf36babbcf99ce25744198e088e66cfcb,113,[disdainful split AF25HAS],1,male,English,no,The UI is god awful,6.6,3IJ95K7NDXU5QENSSKAVYS2LM4ZGNP,0,
3fe778ce09a2bb2900be2e19ad32bda0716d2378fa1451bb2976e741,114,[disdainful split AF25HAS],1,male,English,40,,6.6,3IJ95K7NDXU5QENSSKAVYS2LM4ZGNP,0,